Sequence	SP	NTD	RBD	RBM	S1	S2	FP	Flagged mutations	All mutations	Nflagged	Nmutations	1	2
sample118z2zz/111									S:V171F;S:D614G;S:V1176F	1	3		
sample218z4zz/111									S:A222V;S:D614G	1	2		
sample318z5zz/111				high				S:L452R	S:L452R;S:D614G	1	2		
sample418z1zz/111									S:V171F;S:D614G;S:V1176F	1	3		
sample517z6zz/111									S:H69Y;S:A222V;S:D614G	1	3		
sample616z5zz/111									S:A222V;S:D614G	1	2		
sample716z6zz/111									S:A222V;S:D614G	1	2		
sample820z9zz/111									S:D80Y;S:D614G	1	2		
sample920z4zz/111									S:D80Y;S:D614G	1	2		
sample1019z7zz/111				high				S:L452R	S:L452R;S:D614G	1	2		
sample1119z2zz/111									S:M153T;S:D614G;S:S689I;S:V1176F	1	4		
sample1221z1zz/111				high				S:N439K	S:H69del;S:V70del;S:N439K;S:D614G	1	4		
sample1321z9zz/111				high				S:N439K	S:H69del;S:V70del;S:N439K;S:D614G;S:N751Y	1	5		
sample1463z4zz/111				high				S:E484K	S:E484K;S:D614G;S:V1176F	1	3		
sample1521z7zz/111				high				S:N439K	S:H69del;S:V70del;S:N439K;S:D614G;S:S939F	1	5		
sample1621z3zz/111				high				S:N439K	S:H69del;S:V70del;S:N439K;S:D614G;S:L1063F	1	5		
sample1721z3zz/111									S:D614G	1	1		
sample18IGC/2111			high	high				S:K417N;S:E484K;S:N501Y	S:D80A;S:D215G;S:L242del;S:A243del;S:L244del;S:K417N;S:E484K;S:N501Y;S:D614G;S:A701V	3	10		
sample1926z0zz/111									S:A67D;S:D614G	1	2		
sample2043z0zz/111			high	high				S:K417N;S:E484K;S:N501Y	S:D80A;S:D215G;S:L242del;S:A243del;S:L244del;S:K417N;S:E484K;S:N501Y;S:D614G;S:A701V	3	10		
sample2129z4zz/111			high	high				S:K417N;S:E484K;S:N501Y	S:D80A;S:D215G;S:L242del;S:A243del;S:L244del;S:K417N;S:E484K;S:N501Y;S:D614G;S:A701V	3	10		
sample2222z6zz/111			high	high				S:K417N;S:E484K;S:N501Y	S:D80A;S:D215G;S:L242del;S:A243del;S:L244del;S:K417N;S:E484K;S:N501Y;S:D614G;S:A701V	3	10		
sample2323z8zz/111				high				S:L452R	S:L452R;S:D614G	1	2		
sample2422z2zz/111									S:D614G	1	1		
sample2525z2zz/111									S:N334D;S:D614G	1	2		
sample2625z3zz/111									S:D614G	1	1		
sample2725z4zz/111									S:D614G	1	1		
sample2851z6zz/111		lower						S:S255F	S:S255F;S:D614G;S:D1168G	1	3		
sample2926z2zz/111				high				S:N439K	S:H69del;S:V70del;S:N439K;S:D614G	1	4		
sample3027z9zz/111				high				S:N439K	S:H69del;S:V70del;S:N439K;S:D614G	1	4		
sample3125z8zz/111									S:H69del;S:V70del;S:D614G;S:P812S	1	4		
sample3224z1zz/111									S:D614G	1	1		
sample3327z3zz/111				lower				S:N450K	S:ins214TDR;S:Q414K;S:N450K;S:D614G;S:T716I	1	5		
sample3427z4zz/111				lower				S:N450K	S:ins214TDR;S:Q414K;S:N450K;S:D614G;S:T716I	1	5		
sample3527z7zz/111				lower				S:N450K	S:ins214TDR;S:Q414K;S:N450K;S:D614G;S:T716I	1	5		
sample3631z6zz/111									S:D614G	1	1		
sample3752z0zz/111				high				S:E484K	S:E484K;S:D614G;S:V1176F	1	3		
sample3840z0zz/111				high				S:N501Y	S:H69del;S:V70del;S:Y144del;S:N501Y;S:A570D;S:D614G;S:P681H;S:T716I;S:S982A;S:D1118H	1	10		
sample3926z2zz/111				high				S:N439K	S:H69del;S:V70del;S:P272T;S:N439K;S:D614G	1	5		
sample4040z9zz/111				high				S:N501Y	S:H69del;S:V70del;S:Y144del;S:N501Y;S:A570D;S:D614G;S:P681H;S:T716I;S:S982A;S:D1118H	1	10		
sample4140z1zz/111				high				S:N501Y	S:H69del;S:V70del;S:Y144del;S:N501Y;S:A570D;S:D614G;S:P681H;S:T716I;S:S982A;S:D1118H	1	10		
sample4240z7zz/111				high				S:N501Y	S:H69del;S:V70del;S:Y144del;S:N501Y;S:A570D;S:D614G;S:P681H;S:T716I;S:S982A;S:D1118H	1	10		
sample4340z8zz/111				high				S:N501Y	S:H69del;S:V70del;S:Y144del;S:N501Y;S:A570D;S:D614G;S:P681H;S:T716I;S:S982A;S:D1118H	1	10		
sample4440z5zz/111									S:Y144del;S:A570D;S:D614G;S:P681H;S:T716I;S:S982A;S:D1118H	1	7		
sample4540z6zz/111				high				S:N501Y	S:H69del;S:V70del;S:Y144del;S:N501Y;S:A570D;S:D614G;S:P681H;S:T716I;S:S982A;S:D1118H	1	10		
sample4640z3zz/111									S:Y144del;S:A570D;S:D614G;S:P681H;S:T716I;S:S982A;S:D1118H	1	7		
sample4740z4zz/111				high				S:N501Y	S:H69del;S:V70del;S:Y144del;S:N501Y;S:A570D;S:D614G;S:P681H;S:T716I;S:S982A;S:D1118H	1	10		
sample4840z1zz/111				high				S:N501Y	S:H69del;S:V70del;S:Y144del;S:N501Y;S:A570D;S:D614G;S:P681H;S:T716I;S:S982A;S:D1118H	1	10		
sample4940z2zz/111				high				S:N501Y	S:H69del;S:V70del;S:Y144del;S:N501Y;S:A570D;S:D614G;S:P681H;S:T716I;S:S982A;S:D1118H	1	10		
sample5040z3zz/111				high				S:N501Y	S:H69del;S:V70del;S:Y144del;S:N501Y;S:A570D;S:D614G;S:P681H;S:T716I;S:S982A;S:D1118H	1	10		
sample5140z4zz/111				high				S:N501Y	S:H69del;S:V70del;S:Y144del;S:N501Y;S:A570D;S:D614G;S:P681H;S:T716I;S:S982A;S:D1118H	1	10		
sample5243z2zz/111				high				S:N439K	S:H69del;S:V70del;S:N439K;S:D614G	1	4		
sample5340z0zz1/111				high				S:N501Y	S:H69del;S:V70del;S:Y144del;S:N501Y;S:A570D;S:D614G;S:P681H;S:T716I;S:S982A;S:D1118H	1	10		
sample5440z5zz/111				high				S:N501Y	S:H69del;S:V70del;S:Y144del;S:N501Y;S:A570D;S:D614G;S:P681H;S:T716I;S:S982A;S:D1118H	1	10		
sample5540z0zz/111				high				S:N501Y	S:H69del;S:V70del;S:Y144del;S:N501Y;S:A570D;S:D614G;S:P681H;S:T716I;S:S982A;S:D1118H	1	10		
sample5640z8zz/111				high				S:N501Y	S:H69del;S:V70del;S:Y144del;S:N501Y;S:A570D;S:D614G;S:P681H;S:T716I;S:S982A;S:D1118H	1	10		
sample5740z9zz/111				high				S:N501Y	S:H69del;S:V70del;S:Y144del;S:N501Y;S:A570D;S:D614G;S:P681H;S:T716I;S:S982A;S:D1118H	1	10		
sample5840z5zz/111									S:H69del;S:V70del;S:Y144del;S:A570D;S:D614G;S:P681H;S:T716I;S:S982A;S:D1118H	1	9		
sample5940z6zz/111				high				S:N501Y	S:H69del;S:V70del;S:Y144del;S:N501Y;S:A570D;S:D614G;S:P681H;S:T716I;S:S982A;S:D1118H	1	10		
sample6029z5zz/111			high					S:K417N	S:F55S;S:D80V;S:S94P;S:D138Y;S:D215G;S:S221L;S:L242del;S:A243del;S:L244del;S:K417N;S:D614G;S:A701V	1	12		
sample6135z6zz/111				high				S:E484K;S:N501Y	S:H69del;S:V70del;S:Y144del;S:E484K;S:N501Y;S:A570D;S:D614G;S:P681H;S:T716I;S:S982A;S:D1118H	2	11		
sample6240z7zz/111									S:Y144del;S:A570D;S:D614G;S:P681H;S:T716I;S:S982A;S:D1118H	1	7		
sample6340z8zz/111									S:Y144del;S:A570D;S:D614G;S:P681H;S:T716I;S:S982A;S:D1118H	1	7		
sample6440z9zz/111				high				S:N501Y	S:H69del;S:V70del;S:Y144del;S:N501Y;S:A570D;S:D614G;S:P681H;S:T716I;S:S982A;S:D1118H	1	10		
sample6536z9zz/111				high				S:E484K	S:E484K;S:D614G;S:V1176F	1	3		
sample6638z8zz/111		lower	high	high				S:L18F;S:K417N;S:E484K;S:N501Y	S:L18F;S:D80A;S:D215G;S:L242del;S:A243del;S:L244del;S:K417N;S:E484K;S:N501Y;S:D614G;S:A701V	4	11		
sample6732z1zz/111									S:D614G;S:P681H;S:T716I	1	3		
sample6832z6zz/111		lower	medium					S:L18F;S:K417T	S:L18F;S:T20N;S:P26S;S:R190S;S:K417T;S:D614G;S:H655Y;S:T1027I;S:V1176F	2	9		
sample6932z5zz/111									S:P25T;S:S256L;S:D614G	1	3		
sample7034z9zz/111				high				S:E484K	S:E484K;S:D614G;S:T859I;S:V1176F	1	4		
sample7132z8zz/111		lower	medium	high				S:L18F;S:K417T;S:E484K;S:N501Y	S:L18F;S:T20N;S:P26S;S:R190S;S:K417T;S:E484K;S:N501Y;S:D614G;S:H655Y;S:T1027I;S:V1176F	4	11		
sample7236z2zz/111		lower	medium					S:L18F;S:K417T	S:L18F;S:T20N;S:P26S;S:K417T;S:D614G;S:H655Y;S:T1027I;S:V1176F	2	8		
sample7339z2zz/111				lower				S:N450K	S:M177I;S:ins214TDR;S:Q414K;S:N450K;S:D614G;S:T716I	1	6		
sample7440z4zz/111				high				S:N501Y	S:H69del;S:V70del;S:Y144del;S:N501Y;S:A570D;S:D614G;S:P681H;S:T716I;S:S982A;S:D1118H	1	10		
sample7530z5zz/111		lower	medium					S:L18F;S:K417T	S:L18F;S:T20N;S:P26S;S:K417T;S:D614G;S:H655Y;S:T1027I;S:V1176F	2	8		
sample7630z6zz/111		lower	medium					S:L18F;S:K417T	S:L18F;S:T20N;S:P26S;S:K417T;S:D614G;S:H655Y;S:T1027I;S:V1176F	2	8		
sample7730z7zz/111		lower	medium					S:L18F;S:K417T	S:L18F;S:T20N;S:P26S;S:R190S;S:K417T;S:D614G;S:H655Y;S:T1027I;S:V1176F	2	9		
sample7840z6zz/111				high				S:N501Y	S:H69del;S:V70del;S:Y144del;S:N501Y;S:A570D;S:D614G;S:P681H;S:T716I;S:S982A;S:D1118H	1	10		
